base_url,key
https://boards.greenhouse.io/company001,greenhouse
https://boards.greenhouse.io/company002,greenhouse
https://boards.greenhouse.io/company003,greenhouse
https://boards.greenhouse.io/company004,greenhouse
https://boards.greenhouse.io/company005,greenhouse
https://boards.greenhouse.io/company006,greenhouse
https://boards.greenhouse.io/company007,greenhouse
https://boards.greenhouse.io/company008,greenhouse
https://boards.greenhouse.io/company009,greenhouse
https://boards.greenhouse.io/company010,greenhouse
https://boards.greenhouse.io/company011,greenhouse
https://boards.greenhouse.io/company012,greenhouse
https://boards.greenhouse.io/company013,greenhouse
https://boards.greenhouse.io/company014,greenhouse
https://boards.greenhouse.io/company015,greenhouse
https://boards.greenhouse.io/company016,greenhouse
https://boards.greenhouse.io/company017,greenhouse
https://boards.greenhouse.io/company018,greenhouse
https://boards.greenhouse.io/company019,greenhouse
https://boards.greenhouse.io/company020,greenhouse
https://jobs.lever.co/company021,lever
https://jobs.lever.co/company022,lever
https://jobs.lever.co/company023,lever
https://jobs.lever.co/company024,lever
https://jobs.lever.co/company025,lever
https://jobs.lever.co/company026,lever
https://jobs.lever.co/company027,lever
https://jobs.lever.co/company028,lever
https://jobs.lever.co/company029,lever
https://jobs.lever.co/company030,lever
https://careers.smartrecruiters.com/company031,smartrecruiters
https://careers.smartrecruiters.com/company032,smartrecruiters
https://careers.smartrecruiters.com/company033,smartrecruiters
https://careers.smartrecruiters.com/company034,smartrecruiters
https://careers.smartrecruiters.com/company035,smartrecruiters
https://apply.workable.com/company036,workable
https://apply.workable.com/company037,workable
https://apply.workable.com/company038,workable
https://apply.workable.com/company039,workable
https://apply.workable.com/company040,workable
https://company041.recruitee.com,recruitee
https://company042.recruitee.com,recruitee
https://company043.recruitee.com,recruitee
https://company044.recruitee.com,recruitee
https://company045.recruitee.com,recruitee
https://boards.greenhouse.io/company046,greenhouse
https://boards.greenhouse.io/company047,greenhouse
https://boards.greenhouse.io/company048,greenhouse
https://boards.greenhouse.io/company049,greenhouse
https://boards.greenhouse.io/company050,greenhouse
https://jobs.lever.co/company051,lever
https://jobs.lever.co/company052,lever
https://jobs.lever.co/company053,lever
https://jobs.lever.co/company054,lever
https://jobs.lever.co/company055,lever
https://careers.smartrecruiters.com/company056,smartrecruiters
https://careers.smartrecruiters.com/company057,smartrecruiters
https://careers.smartrecruiters.com/company058,smartrecruiters
https://careers.smartrecruiters.com/company059,smartrecruiters
https://careers.smartrecruiters.com/company060,smartrecruiters
https://apply.workable.com/company061,workable
https://apply.workable.com/company062,workable
https://apply.workable.com/company063,workable
https://apply.workable.com/company064,workable
https://apply.workable.com/company065,workable
https://company066.recruitee.com,recruitee
https://company067.recruitee.com,recruitee
https://company068.recruitee.com,recruitee
https://company069.recruitee.com,recruitee
https://company070.recruitee.com,recruitee
https://boards.greenhouse.io/company071,greenhouse
https://boards.greenhouse.io/company072,greenhouse
https://boards.greenhouse.io/company073,greenhouse
https://boards.greenhouse.io/company074,greenhouse
https://boards.greenhouse.io/company075,greenhouse
https://jobs.lever.co/company076,lever
https://jobs.lever.co/company077,lever
https://jobs.lever.co/company078,lever
https://jobs.lever.co/company079,lever
https://jobs.lever.co/company080,lever
https://careers.smartrecruiters.com/company081,smartrecruiters
https://careers.smartrecruiters.com/company082,smartrecruiters
https://careers.smartrecruiters.com/company083,smartrecruiters
https://careers.smartrecruiters.com/company084,smartrecruiters
https://careers.smartrecruiters.com/company085,smartrecruiters
https://apply.workable.com/company086,workable
https://apply.workable.com/company087,workable
https://apply.workable.com/company088,workable
https://apply.workable.com/company089,workable
https://apply.workable.com/company090,workable
https://company091.recruitee.com,recruitee
https://company092.recruitee.com,recruitee
https://company093.recruitee.com,recruitee
https://company094.recruitee.com,recruitee
https://company095.recruitee.com,recruitee
https://boards.greenhouse.io/company096,greenhouse
https://boards.greenhouse.io/company097,greenhouse
https://boards.greenhouse.io/company098,greenhouse
https://boards.greenhouse.io/company099,greenhouse
https://boards.greenhouse.io/company100,greenhouse
https://jobs.lever.co/company101,lever
https://jobs.lever.co/company102,lever
https://jobs.lever.co/company103,lever
https://jobs.lever.co/company104,lever
https://jobs.lever.co/company105,lever
https://careers.smartrecruiters.com/company106,smartrecruiters
https://careers.smartrecruiters.com/company107,smartrecruiters
https://careers.smartrecruiters.com/company108,smartrecruiters
https://careers.smartrecruiters.com/company109,smartrecruiters
https://careers.smartrecruiters.com/company110,smartrecruiters
https://apply.workable.com/company111,workable
https://apply.workable.com/company112,workable
https://apply.workable.com/company113,workable
https://apply.workable.com/company114,workable
https://apply.workable.com/company115,workable
https://company116.recruitee.com,recruitee
https://company117.recruitee.com,recruitee
https://company118.recruitee.com,recruitee
https://company119.recruitee.com,recruitee
https://company120.recruitee.com,recruitee
